{"8.541700,47.376900|9.855657,46.815255": 147.61939999999998, "9.855657,46.815255|8.541700,47.376900": 147.5358, "8.541700,47.376900|7.149201,47.031671": 132.935, "7.149201,47.031671|7.359695,47.032011": 21.3253, "7.359695,47.032011|8.541700,47.376900": 125.9581, "8.541700,47.376900|9.066993,47.165104": 59.997, "9.066993,47.165104|8.207000,47.126800": 93.4159, "8.207000,47.126800|8.541700,47.376900": 61.5469, "8.541700,47.376900|7.583690,46.318640": 224.44420000000002, "7.583690,46.318640|7.436127,46.268513": 17.181, "7.436127,46.268513|7.858330,46.296858": 39.8172, "7.858330,46.296858|8.541700,47.376900": 219.0104, "8.541700,47.376900|7.615901,46.306676": 219.914, "7.615901,46.306676|8.541700,47.376900": 220.9509, "9.877108,46.770726|8.541700,47.376900": 153.01760000000002, "8.541700,47.376900|9.038780,45.860380": 243.7594, "8.541700,47.376900|8.535695,47.683524": 45.7407, "8.535695,47.683524|8.541700,47.376900": 58.3038, "8.541700,47.376900|9.877108,46.770726": 153.2155, "9.038780,45.860380|8.541700,47.376900": 243.3455, "9.877108,46.770726|9.855657,46.815255": 7.4142, "8.541700,47.376900|8.207000,47.126800": 61.4078, "8.207000,47.126800|9.066993,47.165104": 92.9053, "9.066993,47.165104|8.541700,47.376900": 59.859199999999994, "8.541700,47.376900|7.858330,46.296858": 218.0459, "7.858330,46.296858|7.583690,46.318640": 23.842599999999997, "7.436127,46.268513|8.541700,47.376900": 290.6165, "8.541700,47.376900|9.874984,46.779794": 151.9375, "9.874984,46.779794|8.541700,47.376900": 151.7397, "8.541700,47.376900|7.623654,46.309922": 219.1749, "7.623654,46.309922|7.858330,46.296858": 18.721, "9.874984,46.779794|9.855657,46.815255": 6.1362, "7.623654,46.309922|7.615901,46.306676": 0.7814, "7.623654,46.309922|8.541700,47.376900": 220.21179999999998}